[
    {
      "id": 1,
      "titulo": "TPPIZZAS",
      "descripcion": "Una api para organizar tus pizzas.",
      "imagen": "pizza.jpg",
      "fecha": "2022-01-15",
      "url": "https://github.com/julianchareca/TP-Pizza.git"
    },
    {
        "id": 2,
        "titulo": "Gestor de citas",
        "descripcion": "Una página para organizarte mejor",
        "imagen": "Organizacion.jpg",
        "fecha": "2023-07-15",
        "url": "https://github.com/julianchareca/Tp4GestorcitasJsJc.git"
      },
      {
        "id": 3,
        "titulo": "Proyecto final",
        "descripcion": "Una pagina a modo de beneficio para Creando Luz",
        "imagen": "Creandoluz.jpg",
        "fecha": "2023-07-15",
        "url": "https://github.com/julianchareca/PF_JS-JC.git"
      }
    
  ]
